"job_id","job_title","job_location","job_schedule_type","salary_year_avg","job_posted_date","company_name"
226942,"Data Analyst","Anywhere","Full-time","650000.0","2023-02-20","Mantys"
547382,"Director of Analytics","Anywhere","Full-time","336500.0","2023-08-23","Meta"
552322,"Associate Director- Data Insights","Anywhere","Full-time","255829.5","2023-06-18","AT&T"
99305,"Data Analyst, Marketing","Anywhere","Full-time","232423.0","2023-12-05","Pinterest Job Advertisements"
1021647,"Data Analyst (Hybrid/Remote)","Anywhere","Full-time","217000.0","2023-01-17","Uclahealthcareers"
168310,"Principal Data Analyst (Remote)","Anywhere","Full-time","205000.0","2023-08-09","SmartAsset"
731368,"Director, Data Analyst - HYBRID","Anywhere","Full-time","189309.0","2023-12-07","Inclusively"
310660,"Principal Data Analyst, AV Performance Analysis","Anywhere","Full-time","189000.0","2023-01-05","Motional"
1749593,"Principal Data Analyst","Anywhere","Full-time","186000.0","2023-07-11","SmartAsset"
387860,"ERM Data Analyst","Anywhere","Full-time","184000.0","2023-06-09","Get It Recruit - Information Technology"
1352513,"REMOTE Director of Data Analytics","Anywhere","Full-time","170000.0","2023-08-09","A-Line Staffing Solutions"
1781684,"DTCC Data Analyst","Anywhere","Full-time","170000.0","2023-10-06","Robert Half"
987523,"Azure Data Python Consultant - contract to HIRE - Citizen or Perm...","Anywhere","Contractor","170000.0","2023-01-23","Kelly Science, Engineering, Technology & Telecom"
1525451,"Manager, Data Analyst","Anywhere","Full-time","167000.0","2023-04-18","Uber"
712473,"Data Analyst","Anywhere","Full-time","165000.0","2023-08-14","Get It Recruit - Information Technology"
1246069,"Data Analyst","Anywhere","Full-time","165000.0","2023-12-08","Plexus Resource Solutions"
1799883,"Principal Data Science Analyst- Remote","Anywhere","Full-time","164746.0","2023-04-14","Mayo Clinic"
1423236,"Principal Data Science Analyst- Remote","Anywhere","Full-time","164746.0","2023-01-13","Mayo Clinic"
618890,"Principal Data Intelligence Analyst - Cardiac - Remote","Anywhere","Full-time","163500.0","2023-09-20","CEDARS-SINAI"
918213,"Senior - Data Analyst","Anywhere","Full-time","160515.0","2023-06-14","DIRECTV"
182813,"Principal Data Analyst","Anywhere","Full-time","160000.0","2023-10-13","Get It Recruit - Information Technology"
475626,"Principal Data Analyst","Anywhere","Full-time","160000.0","2023-02-02","Realtime Recruitment"
783771,"SQL DEVELOPER / DATA ANALYST (Insurance industry Experience) ...","Anywhere","Full-time","160000.0","2023-01-30","Robert Half"
485388,"System Data Analyst","Anywhere","","157500.0","2023-07-17","Edgewater Federal Solutions, Inc."
266799,"Applied Scientist - Maps","Anywhere","Full-time","157500.0","2023-10-13","Uber"
